Patient_ID,left-upper,left-lower,right-upper,right-middle,right-lower,left-total,right-total,whole-lung
1111.0,0.24842666274312497,0.35248027060577236,0.5022399915475274,0.47765935429691475,0.4769687793409077,0.3395742251271661,0.4480354426445569,0.46352585810680036
